<?xml version="1.0" encoding="UTF-8"?>
<project-private xmlns="http://www.netbeans.org/ns/project-private/1">
    <editor-bookmarks xmlns="http://www.netbeans.org/ns/editor-bookmarks/2" lastBookmarkId="0"/>
    <open-files xmlns="http://www.netbeans.org/ns/projectui-open-files/2">
        <group>
            <file>file:/C:/Users/juanc/Documents/NetBeansProjects/SistemaGestionRecursosHumano/src/SIstemaDeGestion/Presentacion/buscarEmpleado.java</file>
            <file>file:/C:/Users/juanc/Documents/NetBeansProjects/SistemaGestionRecursosHumano/src/SIstemaDeGestion/Presentacion/buscarDepartamento.java</file>
            <file>file:/C:/Users/juanc/Documents/NetBeansProjects/SistemaGestionRecursosHumano/src/SIstemaDeGestion/Presentacion/VentanaPrincipal.java</file>
            <file>file:/C:/Users/juanc/Documents/NetBeansProjects/SistemaGestionRecursosHumano/src/SIstemaDeGestion/Presentacion/agregarEmpleados.java</file>
        </group>
    </open-files>
</project-private>
